Country Name,Country Code,Series Name,Series Code,2010,2011,2012,2013,2014,2015,2016
Argentina,ARG,GDP per capita (constant 2005 US$),NY.GDP.PCAP.KD,10276.2604977053,10780.0156577357,10557.8853892544,10699.1977159711,10323.20693976,10498.5925297592,10206.2495504416
Argentina,ARG,"New business density",IC.BUS.NDNS.ZS,0.465321402192555,0.498818776020342,0.518624926461737,0.455170439144181,0.430245856091387,0.465321402192555,0.498818776020342
Argentina,ARG,"Unemployment",SL.UEM.TOTL.ZS,7.71000003814697,7.17999982833862,7.21999979019165,7.09999990463257,7.26999998092651,7.15100002288818,8.69600009918213
Brazil,BRA,GDP per capita (constant 2005 US$),NY.GDP.PCAP.KD,11224.1540829355,11560.4187506263,11673.7705356921,11915.4170541095,11870.1484076345,11351.5657481703,10868.6534435351
Brazil,BRA,"New business density",IC.BUS.NDNS.ZS,1.3513745507698,1.27727582481333,1.17208740664618,1.26530032779076,0.8562035355289,0.147804953598799,0.127907398520538
Brazil,BRA,"Unemployment",SL.UEM.TOTL.ZS,7.25699996948242,6.69000005722046,7.19000005722046,6.98999977111816,6.67000007629395,8.4399995803833,11.6099996566772
Chile,CHL,GDP per capita (constant 2005 US$),NY.GDP.PCAP.KD,12860.1776447469,13518.7650782475,14109.1433263683,14551.0444209146,14681.3307577228,14893.8806507667,14958.5622484938
Chile,CHL,"New business density",IC.BUS.NDNS.ZS,3.76550704535172,4.90260019873296,5.68601757606614,7.03163362536452,8.03492059605001,8.42144206587256,8.92547358599856
Chile,CHL,"Unemployment",SL.UEM.TOTL.ZS,8.42000007629395,7.34000015258789,6.65999984741211,6.21000003814697,6.65999984741211,6.51000022888184,6.73999977111816
